"﻿""Authors""",Author full names,Author(s) ID,Title,Year,Source title,Volume,Issue,Art. No.,Page start,Page end,Cited by,DOI,Link,Affiliations,Authors with affiliations,Abstract,Author Keywords,Index Keywords,Correspondence Address,Editors,Publisher,ISSN,ISBN,CODEN,PubMed ID,Language of Original Document,Abbreviated Source Title,Document Type,Publication Stage,Open Access,Source,EID
Lichter D.G.; Kim K.Y.; Commichau C.; Feldman B.J.; Hershey L.A.,"Lichter, David G. (7005279552); Kim, Kye Y. (36639862800); Commichau, Chris (6603068630); Feldman, Brian J. (56855089800); Hershey, Linda A. (7004311531)",7005279552; 36639862800; 6603068630; 56855089800; 7004311531,Tremor at Onset: Predictor of Cognitive and Motor Outcome in Parkinson's Disease?,1991,Archives of Neurology,48,10,,1049,1051,32,10.1001/archneur.1991.00530220069021,https://www.scopus.com/inward/record.uri?eid=2-s2.0-0026009992&doi=10.1001%2Farchneur.1991.00530220069021&partnerID=40&md5=dcf5e28f4d7c039bb4766d5892698da7,"Department of Veterans Affairs Medical Center and State University of New York at Buffalo, Departments of Neurology, United States; Department of Veterans Affairs Medical Center and State University of New York at Buffalo, Department of Psychiatry, United States; Neurology Department, United States; Departments of Neurology, Buffalo, NY 14215, 3495 Bailey Ave, United States","Lichter D.G., Department of Veterans Affairs Medical Center and State University of New York at Buffalo, Departments of Neurology, United States; Kim K.Y., Department of Veterans Affairs Medical Center and State University of New York at Buffalo, Department of Psychiatry, United States; Commichau C., Neurology Department, United States; Feldman B.J., Neurology Department, United States; Hershey L.A., Departments of Neurology, Buffalo, NY 14215, 3495 Bailey Ave, United States","We examined 46 male patients with idiopathic Parkinson's disease to see whether tremor at onset was as useful a predictor of benign clinical outcome as tremor predominance after several years. When we compared patients with tremor at onset (n = 27) with those whose disease began with bradykinesia/rigidity (n = 9), or gait disorder (n = 10), we found no significant differences after a mean of 7 years in motor, cognitive, or affective status. Sixteen of the tremor-onset patients continued to have tremor predominance with minimal gait disorder after about 7 years. These tremor-predominant patients had significantly better motor outcome and somewhat better cognitive outcome than either tremor-onset patients who subsequently developed gait disorder (n =11) or patients without tremor at onset (n = 19). Tremor predominance after several years appears to be a better predictor of a benign clinical course of Parkinson's disease than tremor at onset. © 1991, American Medical Association. All rights reserved.",,"Cognition; Depression; Gait; Human; Male; Middle Age; Motor Activity; Movement; Muscle Rigidity; Parkinson Disease; Support, Non-U.S. Gov't; Support, U.S. Gov't, P.H.S.; Tremor; amantadine; amitriptyline; bromocriptine; carbidopa; diphenhydramine; levodopa; primidone; trihexyphenidyl; adult; article; depression; human; major clinical study; male; parkinson disease; priority journal; tremor",,,,00039942,,,1929897,English,Arch. Neurol.,Article,Final,,Scopus,2-s2.0-0026009992
Schneider J.S.; Diamond S.G.; Markham C.H.,"Schneider, Jay S. (7404422155); Diamond, Shirley G. (7202852147); Markham, Charles H. (7004489401)",7404422155; 7202852147; 7004489401,Deficits in orofacial sensorimotor function in Parkinson's disease,1986,Annals of Neurology,19,3,,275,282,159,10.1002/ana.410190309,https://www.scopus.com/inward/record.uri?eid=2-s2.0-0022602454&doi=10.1002%2Fana.410190309&partnerID=40&md5=eedc8d2a1102fe8b6b14b8310b3814cf,"Department of Neurology, Reed Neurological Research Center, Ucla School of Medicine, Los Angeles, California, 90024, United States","Schneider J.S., Department of Neurology, Reed Neurological Research Center, Ucla School of Medicine, Los Angeles, California, 90024, United States; Diamond S.G., Department of Neurology, Reed Neurological Research Center, Ucla School of Medicine, Los Angeles, California, 90024, United States; Markham C.H., Department of Neurology, Reed Neurological Research Center, Ucla School of Medicine, Los Angeles, California, 90024, United States","Orofacial sensorimotor function was assessed in patients with Parkinson's disease and in age‐matched controls. Tests were designed to assess sensory function, motor abilities, and the integration of sensory information for the performance of specific movements. Patients with Parkinson's disease and normal subjects both made more errors with increasing age; however, overall, patients with Parkinson's disease made significantly more errors in our tests than did normal subjects. Interestingly, patients with Parkinson's disease showed greater deficits in tests of sensory function and sensorimotor integration than in tests of motor function. These results suggest that one aspect of Parkinson's disease consists of complex deficits in the utilization of specific sensory inputs to organize and guide movements. The results are further discussed in relation to a proposed sensory gating or filtering schema of basal ganglia motor functioning. Copyright © 1986 American Neurological Association",,Aged; Differential Threshold; Discrimination (Psychology); Face; Feedback; Female; Head; Human; Jaw; Male; Middle Age; Motor Activity; Mouth; Parkinson Disease; Physical Stimulation; Proprioception; Psychomotor Performance; Sensation; Tongue; Touch; age; central nervous system; clinical article; diagnosis; human; parkinson disease; priority journal; sensory function,,,,03645134,,,3963772,English,Ann. Neurol.,Article,Final,,Scopus,2-s2.0-0022602454
Tyler C.,"Tyler, C. (57200890821)",57200890821,Earth-moving events,1990,Geographical Magazine,62,3,,28,31,1,,https://www.scopus.com/inward/record.uri?eid=2-s2.0-0025149069&partnerID=40&md5=d854fce816c42a5713a97e0276db9fdf,,,"More than a third of the world's largest and fastest growing cities are located in regions of high seismic risk. Earthquake effects can be lessened in one of two ways. The first is to ensure that both buildings and people are prepared for future tremors. This may be the answer in the developed world, but in Third World countries the money is not available. The second method is through tremor prediction, a science that currently is unable to give accurate longterm warnings. -after Author",,early warning system; earthquake damage; earthquake prediction; natural hazard; seismic activity,,,,,,,,English,,Article,Final,,Scopus,2-s2.0-0025149069
ABBOUD S.; BELHASSEN B.; PELLEG A.; LANIADO S.; SADEH D.,"ABBOUD, SHIMON (56228622500); BELHASSEN, BERNARD (7005336558); PELLEG, AMIR (7005714379); LANIADO, SHLOMO (7005780497); SADEH, DROR (6603847501)",56228622500; 7005336558; 7005714379; 7005780497; 6603847501,Non‐invasive Recording of His Bundle Activity in Patients with Wolff‐Parkinson‐White Syndrome,1984,Pacing and Clinical Electrophysiology,7,1,,40,45,5,10.1111/j.1540-8159.1984.tb04858.x,https://www.scopus.com/inward/record.uri?eid=2-s2.0-0021299346&doi=10.1111%2Fj.1540-8159.1984.tb04858.x&partnerID=40&md5=66a61e91ff90898555a82b69bcacc929,"Department of Physics and Astronomy, Tel Aviv University, Tel Aviv, Israel; Department of Cardiology, Ichilov Hospital, Tel Aviv Medical Center, Israel","ABBOUD S., Department of Physics and Astronomy, Tel Aviv University, Tel Aviv, Israel; BELHASSEN B., Department of Cardiology, Ichilov Hospital, Tel Aviv Medical Center, Israel; PELLEG A., Department of Cardiology, Ichilov Hospital, Tel Aviv Medical Center, Israel; LANIADO S., Department of Cardiology, Ichilov Hospital, Tel Aviv Medical Center, Israel; SADEH D., Department of Physics and Astronomy, Tel Aviv University, Tel Aviv, Israel","Ten patients with Wolff‐Parkinson‐White syndrome underwent external His bundle recording using an advanced signal‐averaging technique. Surface ECG waveforms were recorded and digitized at 1.28 kHz (10 bit resolution) and then averaged with GDC‐6600 computer. A cross‐correlation function, operating in the frequency domain (using the Fast Fourier Transform algorithm) was employed to extract fiducial synchronizing marks for the waveform alignment. Using this technique, reliable His bundle activity could be recorded in nine of ten patients. There was a good correlation between the HQ and HV intervals obtained during external and internal His bundle recordings, respectively, in seven patients who underwent both recordings. Administration of ajmaline enabled to obtain the His bundle activity using a digital filter with low frequency cut‐off of 30 Hz as compared to the cut‐off of 150 Hz which was necessary during control to reduce the electrical activity of the delta wave. We conclude that using a computerized cross‐correlation signal‐averaging technique enables the external His bundle recording in patients with WPW syndrome. Copyright © 1984, Wiley Blackwell. All rights reserved",His bundle recording; signal averaging; WPW syndrome,"Adolescent; Adult; Aged; Bundle of His; Case Report; Comparative Study; Computers; Electrocardiography; Female; Fourier Analysis; Heart Conduction System; Human; Male; Middle Age; Monitoring, Physiologic; Support, Non-U.S. Gov't; Wolff-Parkinson-White Syndrome; adult; clinical article; diagnosis; electrocardiography; etiology; heart; his bundle potential; human; methodology; wolff parkinson white syndrome; adolescent; aged; article; case report; comparative study; computer; female; Fourier analysis; heart muscle conduction system; His bundle; male; monitoring; pathophysiology; Wolff Parkinson White syndrome",,,,01478389,,,6199769,English,PACE Pacing Clin. Electrophysiol.,Article,Final,,Scopus,2-s2.0-0021299346
Hömberg V.; Reiners K.; Hefter H.; Freund H.-J.,"Hömberg, V (7006701150); Reiners, K (55586765900); Hefter, H (56230448700); Freund, H.-J (55433323000)",7006701150; 55586765900; 56230448700; 55433323000,The muscle activity spectrum: spectral analysis of muscle force as an estimator of overall motor unit activity,1986,Electroencephalography and Clinical Neurophysiology,63,3,,209,222,34,10.1016/0013-4694(86)90087-8,https://www.scopus.com/inward/record.uri?eid=2-s2.0-0022518395&doi=10.1016%2F0013-4694%2886%2990087-8&partnerID=40&md5=ee5c3fa4fd3fd2eda4adeeb1062fb8bf,"Neurologische Universitätsklinik, D-4000 Düsseldorf, Moorenstrasse 5, Germany","Hömberg V., Neurologische Universitätsklinik, D-4000 Düsseldorf, Moorenstrasse 5, Germany; Reiners K., Neurologische Universitätsklinik, D-4000 Düsseldorf, Moorenstrasse 5, Germany; Hefter H., Neurologische Universitätsklinik, D-4000 Düsseldorf, Moorenstrasse 5, Germany; Freund H.-J., Neurologische Universitätsklinik, D-4000 Düsseldorf, Moorenstrasse 5, Germany","Starting from the observation that the part above 6 Hz of the power spectrum of force tremor during isometric contractions can be related to the unfused twitches of motor units firing asynchronously, an attempt was made to study the usefulness of force tremor spectral analysis as a global descriptor of motoneurone pool activity. To compensate for the mechanical low-pass filter characteristic of skeletal muscle which leads to increased damping of mechanical ripples at higher frequencies, a numerical compensation rule was derived from data obtained by electrical microstimulation of small ensembles of motor units (MUs). Hidden line plots of consecutive partially overlapping spectra allowed visualization of changes in spectral composition during ongoing muscle activity. The resulting muscle activity spectra (MAS) showed broad peaks according to the range of onset firing rates in normal subjects. These tended to shift to higher frequencies with increasing force. Under conditions with increased synchronization of the MUs these broad peaks were replaced by sharp peaks corresponding to the burst repetition rate. Patients with different motor dysfunctions were selected to illustrate how alterations of MU activity are reflected in the MAS. Decreased or increased firing rates were observed as well as abnormal states of synchronization. It is concluded that the MAS provides useful information about some aspects of the discharge characteristics of ensembles of MUs and therefore represents a method to monitor some qualitative 'image' of the MU activities within a muscle. © 1986.",force tremor; motoneurone pool; motor unit activity; voluntary motor activity,"Adolescent; Adult; Aged; Human; Isometric Contraction; Middle Age; Motor Neurons; Movement Disorders; Muscles; Spectrum Analysis; Support, Non-U.S. Gov't; central nervous system; diagnosis; electromyography; human; human experiment; motor unit; motor unit potential; muscle; musculoskeletal system; nervous system; neuropathy; parkinson disease; peripheral nervous system; priority journal; tremor",,,,00134694,,ECNEA,2419077,English,Electroencephalogr. Clin. Neurophysiol.,Article,Final,,Scopus,2-s2.0-0022518395
Javidan M.; Elek J.; Prochazka A.,"Javidan, Manouchehr (16420701000); Elek, Josef (7004263830); Prochazka, Arthur (7005747801)",16420701000; 7004263830; 7005747801,Attenuation of pathological tremors by functional electrical stimulation II: Clinical evaluation,1992,Annals of Biomedical Engineering,20,2,,225,236,75,10.1007/BF02368522,https://www.scopus.com/inward/record.uri?eid=2-s2.0-0026577290&doi=10.1007%2FBF02368522&partnerID=40&md5=b08c6ed3e8fbbbeeb8ff833bc62aadbe,"Divisions of Neurology and Neuroscience, Room 507, Heritage Building, University of Alberta, Edmonton, T6G 2S2, Alberta, Canada; Neurologische Klinik der Universität Bonn, Germany","Javidan M., Divisions of Neurology and Neuroscience, Room 507, Heritage Building, University of Alberta, Edmonton, T6G 2S2, Alberta, Canada; Elek J., Neurologische Klinik der Universität Bonn, Germany; Prochazka A., Divisions of Neurology and Neuroscience, Room 507, Heritage Building, University of Alberta, Edmonton, T6G 2S2, Alberta, Canada","In this study we evaluated a technique for tremor suppression with functional electrical stimulation (FES), the technical details of which were described in the previous paper. Three groups of patients were investigated: those with essential tremor, parkinsonian tremor, and cerebellar tremor associated with multiple sclerosis. In each group, tremor was attenuated by significant amounts (essential tremor: 73%; parkinsonian tremor: 62%; cerebellar tremor: 38%). These attenuations were in good accord with predictions based on the dynamic analyses and filter designs derived in the previous paper. With filters ""tuned"" to the lower mean tremor frequency encountered in the cerebellar patients, more attenuation was possible in this group as well. We identified some practical limitations in the clinical application of the technique in its present form. The most important was that in daily use, only one antagonist pair of muscles can realistically be controlled. At first sight, this restricts the usefulness of the system to patients with single-joint tremors. However, the concomitant use of mechanical orthoses may broaden the scope of application. © 1992 Pergamon Press Ltd.",Cerebellum; Tremor suppression,"Adult; Cerebellar Diseases; Data Interpretation, Statistical; Electric Stimulation Therapy; Female; Human; Male; Middle Age; Movement; Multiple Sclerosis; Parkinson Disease; Pilot Projects; Support, Non-U.S. Gov't; Tremor; Biological Materials - Muscle; Biomechanics - Joints; Biomedical Engineering - Patient Rehabilitation; Human Rehabilitation Engineering - Neuromuscular Rehabilitation; adult; article; clinical article; electrostimulation; female; human; human experiment; male; tremor; Cerebellar Tremor; Essential Tremor; Functional Electrical Stimulation; Mechanical Orthoses; Parkinsonian Tremor; Tremor Suppression; Human Rehabilitation Engineering",,,Kluwer Academic Publishers,15739686,,ABMEC,1575378,English,Ann Biomed Eng,Article,Final,,Scopus,2-s2.0-0026577290
Gough D.I.; Gough W.I.,"Gough, D.I. (7101774064); Gough, W.I. (7005174754)",7101774064; 7005174754,Load‐induced Earthquakes at Lake Kariba–II,1970,Geophysical Journal of the Royal Astronomical Society,21,1,,79,101,122,10.1111/j.1365-246X.1970.tb01768.x,https://www.scopus.com/inward/record.uri?eid=2-s2.0-84984485368&doi=10.1111%2Fj.1365-246X.1970.tb01768.x&partnerID=40&md5=e2a36fb1a5fd34d06ed0cc2397e4a217,"Geophysics Division, Department of Physics, University of Alberta, Edmonton, Canada","Gough D.I., Geophysics Division, Department of Physics, University of Alberta, Edmonton, Canada; Gough W.I., Geophysics Division, Department of Physics, University of Alberta, Edmonton, Canada","The filling of the world's largest artificial lake at Kariba has been accompanied and followed by considerable earthquake activity. A local network of three seismographs allowed location of epicentres for 159 of 2000 tremors recorded during three years while the lake filled. The epicentres lie in the down‐faulted rift valley of the middle Zambezi and it is clear that the lake has re‐activated some of the existing faults, formed in a complex tectonic history since late Precambrian times. Records from permanent observatories have been used in estimates of tremor frequency and rate of energy release through 9.4 years. Calculations of stress distributions at nine lake levels have been used in estimates of the volume Vτ within which the maximum shear stress exceeds 1 bar, and Vτ as function of time is compared with the seismic activity. The latter was highly correlated with rise of Vτ as the lake filled and for three years after. Of total energy 2.32 × 1020 erg some 88.4 per cent was radiated from seven events of 5.0 ≤m≥ 5.8. The main activity built up from June to September 1963, culminating in the last week of September, five weeks after the lake reached its maximum level; during that week five of the seven large shocks and many hundreds of aftershocks occurred. Activity has continued to the present, correlated with water level and more strikingly with Vτ until mid‐1966 but not thereafter, and showing a gradual though far from continuous decline. Magnitude‐frequency dependence suggests that all the tremors have been ‘aftershocks’ in the sense that they have occurred in prefractured rock of low strength. Energy transformations are considered making use of calculated elastic depressions. It is shown that a vast amount of energy (5.5 × 1024 erg) is stored as elastic strain energy in the lithosphere as a result of release of gravitational energy during depression of the rock in a limited volume, and that the radiated seismic energy can be provided at plausibly low efficiency. Three modes of failure are considered to have been present. In one brief burst of about 200 tremors near the west end of the lake it is believed that the lake triggered failure of a pre‐stressed, previously active fault through increment to the stress, to fluid pressure or to both. In another burst of about 50 tremors 15 to 65 km downstream from the dam only triggering of pre‐stressed faults by incremental stress is believed probable. In the main activity near and under the deep Sanyati Basin, which included all the large shocks, it is argued, mainly from the correlation in time between activity and growth of Vτ, that the shear stress of 1 or 2 bars due to the load has triggered failure of faults initially stressed at several tens of bars. Increase of fluid pressure appears to have been at most of minor importance. The decline of activity may have resulted partly from disappearance of the stress field and partly from strainhardening of the lithosphere as faults locked. Other cases of load‐induced seismic activity are discussed briefly; it appears that the seismic activation at Kremasta in Greece resembles that at Kariba rather closely. Copyright © 1970, Wiley Blackwell. All rights reserved",,,,,,00168009,,,,English,Geophys. J. Int.,Article,Final,All Open Access; Bronze Open Access,Scopus,2-s2.0-84984485368
Yair E.; Gath I.,"Yair, Eyal (6602692277); Gath, Isak (56259829900)",6602692277; 56259829900,High Resolution Pole-Zero Analysis of Parkinsonian Speech,1991,IEEE Transactions on Biomedical Engineering,38,2,,161,167,6,10.1109/10.76382,https://www.scopus.com/inward/record.uri?eid=2-s2.0-0026103589&doi=10.1109%2F10.76382&partnerID=40&md5=83e146d51403c64320619278f7eb19d0,"IBM Israel Science and Technology Center, Department of Electrical Engineering, Technion IIT, Haifa, 32000, Israel; Department of Biomedical Engineering, Technion IIT, Haifa 32000, Israel","Yair E., IBM Israel Science and Technology Center, Department of Electrical Engineering, Technion IIT, Haifa, 32000, Israel; Gath I., Department of Biomedical Engineering, Technion IIT, Haifa 32000, Israel","High resolution analysis of voiced speech signals in Parkinsonian patients using a pitch synchronous pole-zero model is introduced. A modified estimation error is defined leading to an accurate and consistent determination of the excitation instants of the model. An infinite resolution in determining these instants, despite the finite sampling interval, is achieved by mapping the discrete (digitized) problem into a continuous one. The proposed analysis was found to be useful in analyzing Parkinsonian speech where the goal was to detect and quantify the Parkinsonian tremor and rigidity from sustained voiced sounds. © 1991 IEEE",,"Electromyography; Human; Parkinson Disease; Reference Values; Speech; Speech Production Measurement; Support, Non-U.S. Gov't; Mathematical Techniques - Poles and Zeros; Mathematical Transformations - Z Transforms; Optimization; Signal Filtering and Prediction; article; clinical article; human; parkinson disease; speech analysis; Excitation Instants Location; Parkinsonian Speech Analysis; Short-Time Pitch Synchronous ARMA Analysis; Speech",,,,00189294,,,2066125,English,IEEE Trans. Biomed. Eng.,Article,Final,,Scopus,2-s2.0-0026103589
Christopher Newland M.,"Christopher Newland, M. (7003637733)",7003637733,Quantification of motor function in toxicology,1988,Toxicology Letters,43,1-3,,295,319,22,10.1016/0378-4274(88)90035-5,https://www.scopus.com/inward/record.uri?eid=2-s2.0-0023755484&doi=10.1016%2F0378-4274%2888%2990035-5&partnerID=40&md5=a59444e954a6bad30ac7ab3377c73050,"Department of Psychology, Auburn University, Auburn, AL, United States","Christopher Newland M., Department of Psychology, Auburn University, Auburn, AL, United States","Disturbances of movement and other motor functions can result from exposure to toxicants and drugs. Sometimes, as with acute exposure to ethanol or solvents, these effects disappear when exposure ends. Other times, as with manganese, haloperidol, or chronic ethanol, motor disturbances are irreversible and may even lie undetected until after exposure has ended. Motor disturbances can take on many guises, including tremor, difficulty in positioning, fatigue, or rigidity. Techniques for measuring these different endpoints in primates will be addressed. One preparation that enables the simultaneous monitoring of positioning, tremor, and operant behavior in nonhuman primates is described, and tactics for obtaining spectral estimates of tremor from a positioning task are outlined. The spectra obtained from this preparation are reliable and valid: they are stable over a period of a year, they correspond to spectra obtained from accelerometers, and are altered by acute administration of ethanol or oxotremorine. These two drugs had opposite effects on tremor but affected bar positioning in a similar manner. © 1988.",Ethanol; Humans; Motor function; Neurotoxicology; Oxotremorine; Primates; Spectral analysis; Tremor,"Animal; Haplorhini; Human; Motor Activity; Support, U.S. Gov't, P.H.S.; Toxicology; Tremor; alcohol; haloperidol; manganese; oxotremorine; animal experiment; human; instrumental conditioning; monkey; motor performance; neurotoxicity; nonhuman; priority journal; spectroscopy; tremor",,,,03784274,,TOLED,3140429,English,Toxicol. Lett.,Article,Final,,Scopus,2-s2.0-0023755484
Caraceni T.; Scigliano G.; Musicco M.,"Caraceni, Tommaso (7004356476); Scigliano, Giulio (6603369452); Musicco, Massimo (7005797271)",7004356476; 6603369452; 7005797271,The occurrence of motor fluctuations in parkinsonian patients treated long term with levodopa: Role of early treatment and disease progression,1991,Neurology,41,3,,380,384,90,10.1212/wnl.41.3.380,https://www.scopus.com/inward/record.uri?eid=2-s2.0-0025765530&doi=10.1212%2Fwnl.41.3.380&partnerID=40&md5=b6af9d7b6f5cd3b3a7d891f7a9302c5c,"Neurological Institute “C. Besta”, National Research Council-Institute of Advanced Biomedical Technologies, Milan, Italy; Department of Epidemiology, National Research Council-Institute of Advanced Biomedical Technologies, Milan, Italy","Caraceni T., Neurological Institute “C. Besta”, National Research Council-Institute of Advanced Biomedical Technologies, Milan, Italy; Scigliano G., Neurological Institute “C. Besta”, National Research Council-Institute of Advanced Biomedical Technologies, Milan, Italy; Musicco M., Department of Epidemiology, National Research Council-Institute of Advanced Biomedical Technologies, Milan, Italy","The aim of this study is to evaluate what factors influence the risk of occurrence of motor fluctuations in patients with Parkinson’s disease (PD) with particular reference to the role of early or delayed introduction of levodopa therapy during the course of the disease. One hundred twenty-five consecutive newly diagnosed patients with PD started levodopa treatment at the time of diagnosis and were followed for 2 to 10 years. During follow-up, 60 patients had wearing-off or early morning akinesia. We estimated the cumulative time-dependent risk of motor fluctuation occurrence through a multivariable analysis. The risk was lower for patients with tremor-predominant PD, for those with shorter disease duration prior to levodopa, and for those who were relatively older at levodopa initiation. Our results suggest that, as far as motor fluctuations are concerned, disease prognosis is not influenced by early levodopa treatment. These observations support the introduction of levodopa as soon as there is a subjective need for the patients to maintain their level of social and work performance. © 1991 American Academy of Neurology.",,Age Factors; Female; Forecasting; Human; Levodopa; Male; Movement; Multivariate Analysis; Parkinson Disease; Risk Factors; levodopa; adult; aged; akinesia; article; female; human; major clinical study; male; motor system; oral drug administration; parkinson disease; priority journal,,,,00283878,,,2006005,English,Neurology,Article,Final,,Scopus,2-s2.0-0025765530
Huber S.J.; Paulson G.W.; Shuttleworth E.C.,"Huber, Steven J. (7201432554); Paulson, George W. (7102432075); Shuttleworth, Edwin C. (7004382968)",7201432554; 7102432075; 7004382968,Depression in parkinson’s disease,1988,"Neuropsychiatry, Neuropsychology and Behavioral Neurology",1,1,,47,51,45,,https://www.scopus.com/inward/record.uri?eid=2-s2.0-0024148742&partnerID=40&md5=2895cbdc164453c0455213f8f78ba90c,"The Ohio State University College of Medicine, Department of Neurology, Columbus, OH, United States","Huber S.J., The Ohio State University College of Medicine, Department of Neurology, Columbus, OH, United States; Paulson G.W., The Ohio State University College of Medicine, Department of Neurology, Columbus, OH, United States; Shuttleworth E.C., The Ohio State University College of Medicine, Department of Neurology, Columbus, OH, United States","While depression is quite common in Parkinson's disease (PD), its severity varies widely among patients. Some studies found that severity of depression increases with severity of PD, which suggests that depression may be a secondary reaction to disease; others found no such relationship and argue that depression is an endogenous feature of PD. We found this variability to be related to specific subgroups of patients with PD. Previous research has shown that patients with a predominance of tremor tend to have milder clinical disease and less intellectual impairment compared to those with a predominance of rigidity or bradyki-nesia. Our data suggest that these subtypes of PD may be further distinguished by the presence or absence of depression, since those with a predominance of tremor were also significantly less likely to be depressed. © 1988 Raven Press, Ltd., New York.",Depression; Parkinson’ disease,carbidopa; levodopa; adult; aged; depression; human; major clinical study; oral drug administration; parkinson disease; psychological aspect,,,,0894878X,,,,English,Neuropsychiatry Neuropsychol. Behav. Neurol.,Article,Final,,Scopus,2-s2.0-0024148742
Huber S.J.; Paulson G.W.; Shuttleworth E.C.,"Huber, Steven J (7201432554); Paulson, George W (7102432075); Shuttleworth, Edwin C (7004382968)",7201432554; 7102432075; 7004382968,"Relationship of motor symptoms, intellectual impairment, and depression in Parkinson's disease",1988,"Journal of Neurology, Neurosurgery and Psychiatry",51,6,,855,858,99,10.1136/jnnp.51.6.855,https://www.scopus.com/inward/record.uri?eid=2-s2.0-0023924314&doi=10.1136%2Fjnnp.51.6.855&partnerID=40&md5=72d2e5f63c87928a2ae324fa4fb0dc51,"Ohio State University College of Medicine, Department of Neurology, Columbus, OH 43210, 425 Means Hall, United States","Huber S.J., Ohio State University College of Medicine, Department of Neurology, Columbus, OH 43210, 425 Means Hall, United States; Paulson G.W., Ohio State University College of Medicine, Department of Neurology, Columbus, OH 43210, 425 Means Hall, United States; Shuttleworth E.C., Ohio State University College of Medicine, Department of Neurology, Columbus, OH 43210, 425 Means Hall, United States","The relationship between severity of disease, intellectual impairment, and depression was examined in 50 patients with Parkinson's disease. A significant correlation between severity of disease and intellectual impairment suggests that both may result from the same subcortical lesions. Depression was not significantly related either to severity of disease or to intellectual impairment. This suggests that the relationship between severity of disease and intellectual impairment was not an artifact of increasing depression. Severity of rigidity and of bradykinesia did predict severity of intellectual decline, but severity of tremor predicted better intellectual status. Patients with a predominance of tremor may have a more benign clinical course as well as better intellectual function than patients with a predominance of rigidity and bradykinesia.",,"Adult; Aged; Delirium, Dementia, Amnestic, Cognitive Disorders; Depressive Disorder; Female; Human; Male; Mental Status Schedule; Middle Age; Motor Skills; Parkinson Disease; Prognosis; Support, Non-U.S. Gov't; Wechsler Scales; carbidopa; levodopa; adult; aged; brain injury; clinical article; depression; female; human; intellect; male; motor dysfunction; parkinson disease; priority journal; psychologic test; psychological aspect",,,BMJ Publishing Group,00223050,,JNNPA,3404193,English,J. Neurol. Neurosurg. Psychiatry,Article,Final,All Open Access; Bronze Open Access,Scopus,2-s2.0-0023924314
Balzer K.; Staunton H.,"Balzer, K. (57196852321); Staunton, H. (7004282003)",57196852321; 7004282003,The results of a double blind crossover trial on the value of piribedil in the treatment of parkinsonism,1979,Psychologie Medicale,11,B,,231,234,0,,https://www.scopus.com/inward/record.uri?eid=2-s2.0-0018620296&partnerID=40&md5=63c5ece8605a0f80b158003189aeffcc,Ireland,"Balzer K., Ireland; Staunton H., Ireland","The aim of this study is to establish the therapeutic effectiveness of piribedil in Parkinsonism, used as the sole therapeutic agent and also when used as an adjunct in patients already being treated with L-Dopa. A double blind crossover trial was carried out on two groups: newly diagnosed patients with idiopathic Parkinsonism; and patients with idiopathic Parkinsonism and with tremor predominant who were already being treated with L-Dopa. The Columbia grading scale was used. In the first group, there was a trend towards improvement in tremor, rigidity, facial expression, rising from a chair, balance, finger dexterity, sweating, gait, posture, daily living and writing. Two of these parameters showed significant changes (balance - p>0.02; rising from chair - p>0.005). In the second group, there was a trend towards improvement, particularly in posture and balance. Piribedil has a clinical effect in Parkinsonism.",,levodopa; piribedil; adverse drug reaction; central nervous system; confusion; controlled study; drug therapy; major clinical study; oral drug administration; parkinsonism; therapy,,,,00485756,,PSYMC,,English,PSYCHOL. MED.,Article,Final,,Scopus,2-s2.0-0018620296
Mori S.; Sakurada T.; Hachimine T.; Yamamoto H.,"Mori, Shigeo (7403976212); Sakurada, Tomiyo (57192015595); Hachimine, Takeshi (57192017158); Yamamoto, Hiroji (57192022112)",7403976212; 57192015595; 57192017158; 57192022112,A Model Calculation for the Process of Generation of Tremors —'Trains Passing on Elevated Railroad’ Model—,1991,Papers in Meteorology and Geophysics,41,4,,139,167,0,10.2467/mripapers.41.139,https://www.scopus.com/inward/record.uri?eid=2-s2.0-84996034847&doi=10.2467%2Fmripapers.41.139&partnerID=40&md5=7140cfd5db81d9e14ab02ad7ea8169f4,"Meteorological Research Institute, Tsukuba, Ibaraki, 305, Japan; Kumagaya Local Meteorological Observatory, Kumagaya, Saitama, 360, Japan; Seismological and Volcanological Department, Japan Meteorological Agency, Tokyo, 100, Japan","Mori S., Meteorological Research Institute, Tsukuba, Ibaraki, 305, Japan; Sakurada T., Kumagaya Local Meteorological Observatory, Kumagaya, Saitama, 360, Japan; Hachimine T., Seismological and Volcanological Department, Japan Meteorological Agency, Tokyo, 100, Japan; Yamamoto H., Seismological and Volcanological Department, Japan Meteorological Agency, Tokyo, 100, Japan","When the Joetsu-Shinkansen (New Joetsu Line) started its business from Omiya to Niigata in central Japan, 2 Hz-tremors (henceforth the Tremor) with slightly larger amplitudes than usual microseisms’ began to be regularly recorded on the seismometer at the Kumagaya Local Meteorological Observatory (KLMO) located about. 1 km away from the railroad site. In order to understand the Tremor's source and generation mechanism, we made temporary microseisms observations and train-speed measurements with the routinely-used seismometer and portable seismometers. The results are as follws: the Tremor's emergence corresponds with the time when Shinkansen trains bound for Omiya (Up-trains) pass through the Kumagaya area; from the Tremor's particle motion and the examination of its source position mentioned below, the Tremor is a Rayleigh-wave coming from WNW or NW at a speed of 60-110 m/s or 78-110. m/s. Referring, to the results of other observations of Shinkansen noise-microseisms (Hosoyama & Nakai, 1972), and the noise level at KLMO, we understand that the distance from KLMO to the position which generates tremors with large enough amplitudes to he detected at KLMO, is equal to or shorter than 3 km from KLMO; so we searched for the Tremor's source in the area which is within 3 km from KLMO. We found 4 piers whose features are different from those of other piers. They are located 2.4 km to the west of KLMO. They have supports which reach deeper in the ground than other piers. The total length of their girders on them is 217 m. If we assume these four piers as the source of the Tremor, we can explain the arrival times amd maximum velocity amplitudes of the Tremor consistently; further, if we assume that the Tremor's predominant frequency and trains’ speed are in proportion, we can interpret the relations among the Tremor's duration time, its predominant frequency, and its maximum velocity amplitude consistently. The Tremor's generation mechanism is as follows: the Shinkansen trains pass over the railroads on the piers A 1-A 4, which push the earth; then Rayleigh-waves, which are to be observed at KLMO as the Tremors, are generated and propagate with 60-110 m/s or 78 -110 m/s group velocity. The source model is as follows: each of the A 1-A 4 piers receives forces from the two girders independently put on it; each pier vertically pushes the elastic body (the earth) that is assumed to be semi-infinite, isotropic, and homogeneous. The present elastic-wave-generation problem is dealt with as a two-dimensional problem for simplicity. After this model, synthetic waveforms are calculated. Though only 2.0-2.5 Hz waves are observed, the calculated spectra show peaks at around 1 Hz, 2-3 Hz and 6-7 Hz; the existence of selective propagation is thought of as a cause of this phenomenon. The Kumagaya area is covered with a low velocity surface layer whose thickness is larger than 16 m and whose P-velocity is 345 m/s. These values are obtained at the New Kumagaya Transformer Sub-station (NKTS) located 3 km to the west of KLMO. The quarter-law (Tazime, 1956) suggests that the Rayleigh-wave with 2.0-2.5 Hz can keep its energy density even after long distance propagation on a medium which has a 40 m-thick surface layer of 345 m/s P-velocity. It is shown by the similarities between filtered synthetic waveforms and observed ones that 110 m/s is the most likely as the Tremor's propagation velocity. Even with.the 345 m / s as the surface layer P-velocity, the propagation velocity can be 110 m/s, if the generated Rayleigh-wave is dispersive. This is because the ratio between the rigidity of the surface layer and that of the half-infinite layer below it can be calculated as 4.8-14 from the data obtained at NKTS. The above discussions reveal that the present model is acceptable, though the following points should be clarified by another observation: the hypothetical velocity structure & surface layer thickness, and the hypothesis that Tremor's predominant frequency and trains’ speeds are in proportion. © 1991, Japan Meteorological Agency / Meteorological Research Institute. All rights reserved.",,,,,,0031126X,,,,English,Pap. Meteorol. Geophys.,Article,Final,All Open Access; Gold Open Access,Scopus,2-s2.0-84996034847
Prochazka A.; Trend P.S.,"Prochazka, A. (7005747801); Trend, P.S. (6603468263)",7005747801; 6603468263,Instability in human forearm movements studied with feed‐back‐controlled muscle vibration.,1988,The Journal of Physiology,402,1,,421,442,42,10.1113/jphysiol.1988.sp017213,https://www.scopus.com/inward/record.uri?eid=2-s2.0-0023689383&doi=10.1113%2Fjphysiol.1988.sp017213&partnerID=40&md5=66bef660ec42bc27a53fcfbfd0ae3764,"Department of Physiology, St Thomas's Hospital Medical School, London, United Kingdom","Prochazka A., Department of Physiology, St Thomas's Hospital Medical School, London, United Kingdom; Trend P.S., Department of Physiology, St Thomas's Hospital Medical School, London, United Kingdom","1. Frequency‐modulated vibration was applied to the elbow flexor and extensor tendons to produce reflex movements of the forearm in normal subjects. The modulating (command) signal caused equal and opposite deviations from the 40 Hz carrier frequency so that when flexor vibratory frequency increased, extensor frequency decreased, and vice versa. 2. It is argued that the movements resulted largely from the reflex action of muscle spindle primary afferents whose firing frequency had been ‘taken over’ and modulated by the vibration. 3. Bode plots relating forearm movements to command signal (modulating) frequency showed the transfer function of the Ia afferent‐CNS‐muscle‐load system to have a low‐pass filter characteristic. The phase lag of movement on command increased progressively with command signal frequency, exceeding 180 deg at 3‐4 Hz. 4. The transduced forearm movements were fed back to provide the command signal to the vibrators (and thus indirectly to the spindle afferents) via a filter mimicking the dynamic responsiveness of muscle spindle primary endings. Our aim was to ‘break into’ the reflex arc, and re‐route it so that we could artificially vary the gain without significantly altering the dynamics of the pathway. 5. Nearly all subjects developed forearm oscillations (tremor) when the gain exceeded a threshold value. Subjects varied widely in their threshold, though for a given subject the threshold remained fairly constant from day to day. The results suggest that reflexly active individuals may not have a large safety margin with respect to forearm instability. 6. The frequency range of the oscillations observed in seven subjects was 3‐8 Hz. The frequencies depended upon the level of flexor‐extensor co‐contraction, and increased from 3 to 5 Hz at 10% co‐contraction to 5‐8 Hz at 100% co‐contraction. An analysis of the mechanical impedance of the arm provided estimates of tremor frequencies consistent with these results. 7. These unexpectedly low tremor frequencies led us to propose that it may be erroneous to expect stretch reflexes to contribute to forearm tremor in the range 8‐12 Hz (e.g. physiological and ‘enhanced’ physiological tremors). Rather, their contributions should be sought in the range 3‐8 Hz (e.g. pathological tremors such as those of Parkinson's and cerebellar disease). © 1988 The Physiological Society",,"Action Potentials; Adult; Elbow Joint; Feedback; Forearm; Human; Movement; Muscle Contraction; Muscle Spindles; Muscles; Reflex, Stretch; Support, Non-U.S. Gov't; Vibration; arm movement; controlled study; electromyography; feedback system; forearm; human experiment; muscle spindle; muscle vibration; normal human; tremor",,,,00223751,,,2976825,English,J. Physiol.,Article,Final,All Open Access; Green Open Access,Scopus,2-s2.0-0023689383
Ebmeier K.P.; Glabus M.; Potter D.D.; Salzen E.A.,"Ebmeier, K.P. (7004932147); Glabus, M. (6701810351); Potter, D.D. (7202714912); Salzen, E.A. (6603915371)",7004932147; 6701810351; 7202714912; 6603915371,"The effect of different high-pass filter settings on peak latencies in the event-related potentials of schizophrenics, patients with Parkinson's disease and controls",1992,Electroencephalography and Clinical Neurophysiology/ Evoked Potentials,84,3,,280,287,18,10.1016/0168-5597(92)90009-Z,https://www.scopus.com/inward/record.uri?eid=2-s2.0-0026715993&doi=10.1016%2F0168-5597%2892%2990009-Z&partnerID=40&md5=986112f3288015afca7499b458103c08,"MRC Brain Metabolism Unit, Royal Edinburgh Hospital, Edinburgh, EH10 5HF, United Kingdom; Department of Medical Physics and Medical Engineering, University of Edinburgh, Edinburgh, United Kingdom; Wellcome Brain Research Group, University of St. Andrews, St. Andrews, United Kingdom; Department of Psychology, University of Aberdeen, Aberdeen, United Kingdom","Ebmeier K.P., MRC Brain Metabolism Unit, Royal Edinburgh Hospital, Edinburgh, EH10 5HF, United Kingdom; Glabus M., Department of Medical Physics and Medical Engineering, University of Edinburgh, Edinburgh, United Kingdom; Potter D.D., Wellcome Brain Research Group, University of St. Andrews, St. Andrews, United Kingdom; Salzen E.A., Department of Psychology, University of Aberdeen, Aberdeen, United Kingdom","Eighteen schizophrenic patients, 16 patients with idiopathic Parkinson's disease, and the same numbers of age, sex and education matched controls were examined with oddball experiments for the generation of P3. Individual averages were high-pass filtered at different cut-off frequencies with single-pole digital filters with equivalent analogue Butterworth filter profiles. The purpose of this procedure was to simulate analogue high-pass filters used in clinical studies from different centres and to examine their potential effect on group differences. Increasing high-pass filters resulted in a phase lead for all peaks examined (N1, P2, N2, P3). The only group differences were found for P3, which showed a greater phase lead in controls than in the patient groups, usually resulting in a more pronounced group difference. Similar wave forms and filter properties could be modelled by synthetic wave forms consisting of sine waves of different frequencies. © 1992.",Bandpass filter; Event-related potentials; High-pass filter; Idiopathic Parkinson's disease; Schizophrenia,"Acoustic Stimulation; Analysis of Variance; Electroencephalography; Evoked Potentials; Human; Male; Parkinson Disease; Reaction Time; Schizophrenia; Support, Non-U.S. Gov't; adult; aged; apparatus; article; clinical article; controlled study; evoked response; human; male; parkinson disease; schizophrenia",,,,01685597,,ECNPE,1375887,English,Electroencephalogr. Clin. Neurophysiol. Evoked Potentials,Article,Final,,Scopus,2-s2.0-0026715993
Huber S.J.; Christy J.A.; Paulson G.W.,"Huber, Steven J. (7201432554); Christy, Jeffrey A. (7007034948); Paulson, George W. (7102432075)",7201432554; 7007034948; 7102432075,Cognitive heterogeneity associated with clinical subtypes of Parkinson's disease,1991,"Neuropsychiatry, Neuropsychology and Behavioral Neurology",4,2,,147,157,24,,https://www.scopus.com/inward/record.uri?eid=2-s2.0-0026004591&partnerID=40&md5=fe1761413fa0cbdc1969273a1e975638,"Department of Neurology, The Ohio State University College of Medicine, Columbus, OH, United States","Huber S.J., Department of Neurology, The Ohio State University College of Medicine, Columbus, OH, United States; Christy J.A., Department of Neurology, The Ohio State University College of Medicine, Columbus, OH, United States; Paulson G.W., Department of Neurology, The Ohio State University College of Medicine, Columbus, OH, United States","Clinical subtypes of Parkinson's disease (PD) have been distinguished by predominance of motor symptoms (tremor vs. rigid/bradykinetic) and by age of onset (early vs. late). We examined possible neuropsychological differences between these subtypes. Results indicated that patients with rigid/bradykinetic-pre-dominant PD had greater cognitive and depressive disturbances compared with tremor-predominant patients. In contrast, we found virtually no effect for age of onset. Our results suggest that clinical subtypes of PD vary with respect to behavioral differences. © 1991 Raven Press, Ltd., New York.",Clinical subtypes; Parkinson's disease,adult; aged; article; clinical article; cognition; controlled study; etiology; female; human; male; memory; parkinson disease,,,,0894878X,,,,English,Neuropsychiatry Neuropsychol. Behav. Neurol.,Article,Final,,Scopus,2-s2.0-0026004591
Gauthier S.; Gauthier L.,"Gauthier, S. (55535408900); Gauthier, L. (24433826100)",55535408900; 24433826100,Current status of levodopa therapy in idiopathic parkinson's disease,1987,Canadian Journal of Neurological Sciences,14,3 SUPPL.,,452,454,7,10.1017/s0317167100037902,https://www.scopus.com/inward/record.uri?eid=2-s2.0-0023206056&doi=10.1017%2Fs0317167100037902&partnerID=40&md5=f81e97116f07db7f59aa20a1fa68c509,Canada,"Gauthier S., Canada; Gauthier L., Canada","Levodopa is currently used at all stages of Parkinson's disease, particularly from Stage 3 onward. Most patients start levodopa within four years of the onset of disease, earlier in the akineto-rigid patients (average delay of 2.1 years) than in those where resting tremor predominates (average delay of 3.4 years). Advanced age (>80) is no deterrent to the use of levodopa if required. Wearing off is most noticable in Stage 3 or after 10 years of therapy with levodopa. An inverse correlation was found between age and wearing off, suggesting a marked sensitivity of younger patients to levodopa. Future studies on the use of dopamine agonists should thus be stratified according to age.",,levodopa; central nervous system; diagnosis; human; major clinical study; oral drug administration; Parkinson disease; therapy,,,,03171671,,CJNSA,3676919,English,CAN. J. NEUROL. SCI.,Article,Final,All Open Access; Bronze Open Access,Scopus,2-s2.0-0023206056
Fajklewicz Z.; Jakiel K.,"Fajklewicz, Zbigniew (6603956460); Jakiel, Krzysztof (6508187592)",6603956460; 6508187592,Induced gravity anomalies and seismic energy as a basis for prediction of mining tremors,1989,Pure and Applied Geophysics PAGEOPH,129,3-4,,535,552,4,10.1007/BF00874524,https://www.scopus.com/inward/record.uri?eid=2-s2.0-0024569599&doi=10.1007%2FBF00874524&partnerID=40&md5=e1b5be45e3617dbac6c047e6cde10034,"Institute of Geophysics, Academy of Mining and Metallurgy, Kraków, 30-059, Al. A. Mickiewicza 30, Poland","Fajklewicz Z., Institute of Geophysics, Academy of Mining and Metallurgy, Kraków, 30-059, Al. A. Mickiewicza 30, Poland; Jakiel K., Institute of Geophysics, Academy of Mining and Metallurgy, Kraków, 30-059, Al. A. Mickiewicza 30, Poland","The results of prediction of occurrence of mining tremors and bursts in the course of the exploitation of the remaining part of the hard coal in seam 510 of the mine ""Pstrowski"", Upper Silesia, have been presented in the paper. The exploitation has taken place under extremely difficult conditions hazardous for the mining crew. To predict the occurrence of mining tremors, bursts and direction of migration of increased elastic strain in the rock mass, the microgravity method has been applied. The microgravity observations were carried out in the measurement points located at mutual distances equal 20 m in three profiles of the lengths 700 m, 760 m and 260 m respectively. The profiles were located in mining workings in the vicinity of the exploited part of the bed. In the course of exploitation, lasting 25 months, 29 series of measurements including 3600 individual microgravity observations were carried out. Microgravity observations were made with a Worden-Master gravimeter. The observed time changes of gravity microanomalies were essential for prediction. Local negative changes of gravity microanomalies signalled the approaching mining tremor. The tremor would cover an area of the radius 60 m to 100 m. The regional time changes of the gravity microanomalies appearing as linear trends of these anomalies signalled the development of the fields of elastic strain in the whole investigated area and the approaching violent release of elastic strain energy from the rock mass. The values of the amplitudes AMP of the above-mentioned trend were the measure of this hazard. In the course of the investigations each shock was preceded by considerably increased values of AMP. © 1989 Birkhäuser Verlag.",Mining-tremors; time changes of gravity; underground gravity measurements,"Poland, Silesia, Pstrowski mine; gravity anomaly; mining induced seismicity; mining tremor prediction; temporal variation",,,Birkhäuser-Verlag,14209136,,,,English,PAGEOPH,Article,Final,,Scopus,2-s2.0-0024569599
Hester S.B.; Fowler S.C.,"Hester, Samuel B. (36902064900); Fowler, Stephen C. (7201536069)",36902064900; 7201536069,Limb tremor as an indicator of emotional arousal,1980,Journal of Nervous and Mental Disease,168,11,,679,684,2,10.1097/00005053-198011000-00007,https://www.scopus.com/inward/record.uri?eid=2-s2.0-0019171131&doi=10.1097%2F00005053-198011000-00007&partnerID=40&md5=ae481e864b8cf5278de755b64d45d4b9,"Department of Behavioral Psychology, National Naval Dental Center, Bethesda, MD, 20014, United States; Department of Psychology, University of Mississippi, United States","Hester S.B., Department of Behavioral Psychology, National Naval Dental Center, Bethesda, MD, 20014, United States; Fowler S.C., Department of Psychology, University of Mississippi, United States","Two experiments were conducted to evaluate the usefulness of limb tremor as an indicator of emotional arousal. In experiment 1, limb tremor measurements and subjective inventories were taken for two experimentally induced emotional arousal states (frustration and anxiety) and an experimentally induced relaxation state (calm) for two groups of 12 subjects each. A third group of 12 subjects had measurements taken for the relaxation state only. Tremor measurements were taken with an accelerometer, and the data were digitized and spectrally analyzed bv computer. The subjective inventories were an abbreviated state form of the State-Trait Anxiety Inventory and a 7-point stress thermometer. The results of the experiment showed that, in a highly discrepant stimulus situation, the tremor and subjective measures were sensitive indicators of intra-and intersubject differences in emotional arousal. In addition, the stress thermometer data for two experimental groups correlated significantly with the limb tremor measures. In experiment 2, tremor measures and subjective inventories were taken for naturally occurring emotional arousal (anxiety) in 30 nonclinically anxious subjects before, during, and after an academic test-taking situation. Tremor measurements were taken with an accelerometer and the data digitized and spectrally analyzed by computer. The accelerometer was more sensitive than the one used in experiment 1. The subjective inventories were also more sensitive: The entire state form of the State-Trait Anxiety Inventory and a 30-point stress thermometer were used. The tremor and subjective measures failed to detect significant intersubject differences in emotional arousal across experimental sessions. The subjective measures also failed to detect any significant intrasubject differences, whereas the tremor measure did detect such differences for 14 out of the 30 subjects. This demonstrates that tremor measure can be a sensitive indicator of intrasubject emotional arousal across experimental sessions. Another finding of experiment 2 proved significant. A Spearman rank correlation coefficient was computed to determine whether the spectrally analyzed variance estimates on the tremor data agreed with the variances computed on the raw data. The results (rs =.93, p <.001) suggest that the variance computed on the raw data itself would have served as a reasonable estimate of tremor changes across experimental sessions. An elaborate computer analysis of the data may be unnecessary, thus allowing a therapist to use a microcomputer program to compute quickly and inexpensively a variance on raw tremor data that would allow him to monitor a patient’s changes in emotional arousal. © 1980 by The Williams & Wilkins Co.",,Adolescent; Adult; Anxiety; Arousal; Emotions; Female; Frustration; Human; Male; Tremor; adult; arousal; central nervous system; emotion; human cell; leisure; tremor,,,,00223018,,,7441231,English,J. Nerv. Ment. Dis.,Article,Final,,Scopus,2-s2.0-0019171131
Ebmeier K.P.,"Ebmeier, Klaus P. (7004932147)",7004932147,A quantitative method for the assessment of overall effects from a number of similar electrophysiological studies: description and application to event-related potentials in Parkinson's disease,1992,Electroencephalography and Clinical Neurophysiology/ Evoked Potentials,84,5,,440,446,21,10.1016/0168-5597(92)90031-6,https://www.scopus.com/inward/record.uri?eid=2-s2.0-0026707801&doi=10.1016%2F0168-5597%2892%2990031-6&partnerID=40&md5=009670061688cb98eb92931be6de8219,"MRC Brain Metabolism Unit, Royal Edinburgh Hospital, Edinburgh, EH10 5HF, United Kingdom","Ebmeier K.P., MRC Brain Metabolism Unit, Royal Edinburgh Hospital, Edinburgh, EH10 5HF, United Kingdom","Eight comparisons of auditory event-related potentials in idiopathic parkinsonism with matched controls were analysed using meta-analytic methods. Overall, there was clear evidence that P2, N2, and P3 peak latencies are delayed in patients. Effect sizes for the difference between patient and control latencies of N2, and to a lesser extent P3, were greater in studies with more cognitively impaired patients. High frequency high pass filter settings were significantly associated with shorter mean P3 latencies in controls, but not patients, so that greater effect sizes tended to be associated with higher high pass cut-off frequencies. These results support the argument for using quantitative methods for the review of clinical psychophysiological studies. © 1992.","Band-pass filter; Dementia; Event-related potentials; Meta-analysis; P300; Parkinson's disease, idiopathic",Electroencephalography; Evoked Potentials; Human; Parkinson Disease; Reaction Time; Statistics; adult; aged; article; clinical article; cognition; controlled study; evoked response; female; human; male; meta analysis; parkinson disease,,,,01685597,,ECNPE,1382953,English,Electroencephalogr. Clin. Neurophysiol. Evoked Potentials,Article,Final,,Scopus,2-s2.0-0026707801
Journée H.L.; van Manen J.; van der Meer J.J.,"Journée, H.L. (6603783788); van Manen, J. (56471615200); van der Meer, J.J. (24541994000)",6603783788; 56471615200; 24541994000,Demodulation of e.m.g.s. of pathological tremours. Development and testing of a demodulator for clinical use,1983,Medical & Biological Engineering & Computing,21,2,,172,175,18,10.1007/BF02441533,https://www.scopus.com/inward/record.uri?eid=2-s2.0-0020732107&doi=10.1007%2FBF02441533&partnerID=40&md5=af769e30af4a0b890e607e2dd58393e5,"Department of Neurosurgery, State University, Gröningen, 9713 EZ, Oostersingel 59, Netherlands; Wilhelmina Gasthuis, Amsterdam, 1054 EG, 1e Helmersstraat 104, Netherlands; Department of Neurosurgery, State University, Gröningen, 9713 EZ, Oostersingel 59, Netherlands","Journée H.L., Department of Neurosurgery, State University, Gröningen, 9713 EZ, Oostersingel 59, Netherlands; van Manen J., Wilhelmina Gasthuis, Amsterdam, 1054 EG, 1e Helmersstraat 104, Netherlands; van der Meer J.J., Department of Neurosurgery, State University, Gröningen, 9713 EZ, Oostersingel 59, Netherlands","In clinical tremour recordings, e.m. g. signals allow highly localised recordings to be made. This is in contrast to mechanical recordings which have been used extensively in the past. E.m.g. recordings make it possible to distinguish between tremours in agonist and antagonist muscle groups. E.m.g. signals, however, have poor signal-to-noise characteristics. In this study the e.m.g. of pathological tremours is considered as amplitude-modulated noise. The design of a demodulator and some tests of its performance are described. The visual detectability of an undemodulated tremour e.m.g., when written on a polygraphic recorder, is expressed as a modulation depth, and is about 60%. This improves after demodulation to a level of 20%. The placement of the electrodes and filtering of the e.m.g. signal will influence the shape of the power spectrum of the e.m.g. itself. However, these factors do not critically influence the demodulated tremour e.m.g. For this reason also a demodulator is a useful instrument for recording clinical tremours. © 1983 IFMBE.",Demodulator; Electromyography; Tremours,Electromyography; Human; Muscle Contraction; Tremor; AMPLITUDE MODULATION; BIOLOGICAL MATERIALS - Muscle; DEMODULATORS - Design; ELECTRIC FILTERS - Medical Applications; ELECTRIC WAVEFORMS - Spectrum Analysis; central nervous system; clinical article; computer analysis; diagnosis; electromyography; filter; frequency analysis; human; muscle; parkinson disease; tremor; AGONIST MUSCLES; AMPLITUDE MODULATED NOISE; ANTAGONIST MUSCLES; POLYGRAPHIC RECORDERS; TREMORS; BIOMEDICAL ENGINEERING,,,Kluwer Academic Publishers,17410444,,MBECD,6887991,English,Med. Biol. Eng. Comput.,Article,Final,All Open Access; Green Open Access,Scopus,2-s2.0-0020732107
Andreeva Ye. A.; Ivanova-Smolenskaya I.A.; Kandel E.I.; Khutorskaya Ye. O.,"Andreeva Ye., A. (55665348500); Ivanova-Smolenskaya, I.A. (16304464900); Kandel, E.I. (57197602312); Khutorskaya Ye., O. (36821393000)",55665348500; 16304464900; 57197602312; 36821393000,Envelope EMG spectral analysis in the studies of physiological and pathological tremor,1985,Electromyography and Clinical Neurophysiology,25,5,,273,293,6,,https://www.scopus.com/inward/record.uri?eid=2-s2.0-0022363468&partnerID=40&md5=c7ce2532b5d84811fff7342df509cc3d,Russia,"Andreeva Ye. A., Russia; Ivanova-Smolenskaya I.A., Russia; Kandel E.I., Russia; Khutorskaya Ye. O., Russia","A new method is proposed for statistical correlation processing of large arrays of spectral EMG envelope (EEMG) parameters. The envelope is obtained in filtering the detected electric muscle activity signals with a pass band from 0 to 20 Hz. This band is representative of large joints. The method detects objective differences between the physiological, Parkinson's, and essential tremor which will be used in computer aided diagnosis and provides additional criteria for early differential diagnosis of various forms of Parkinson's and essential tremor. The analysis of the results suggests several mechanisms of the physiological and pathological tremor and ways to improve methods of surgical and drug treatment of Parkinsonism and essential tremor.",,central nervous system; diagnosis; electromyography; essential tremor; etiology; human; major clinical study; muscle; parkinsonism; priority journal,,,,0301150X,,EMCNA,4054052,English,ELECTROMYOGR. CLIN. NEUROPHYSIOL.,Article,Final,,Scopus,2-s2.0-0022363468
Kramer J.B.; Corr P.B.; Cox J.L.; Witkowski F.X.; Cain M.E.,"Kramer, Jeffrey B. (7402417992); Corr, Peter B. (7103063337); Cox, James L. (57201512030); Witkowski, Francis X. (7007063094); Cain, Michael E. (7102654786)",7402417992; 7103063337; 57201512030; 7007063094; 7102654786,Simultaneous computer mapping to facilitate intraoperative localization of accessory pathways in patients with Wolff-Parkinson-White syndrome,1985,The American Journal of Cardiology,56,10,,571,576,39,10.1016/0002-9149(85)91012-4,https://www.scopus.com/inward/record.uri?eid=2-s2.0-0022407191&doi=10.1016%2F0002-9149%2885%2991012-4&partnerID=40&md5=c4c9b68c6c904af43fc6cfdda1a2e1bd,"Cardiovascular Division, Division of Cardiothoracic Surgery, Washington University School of Medicine, St. Louis, MO, United States","Kramer J.B., Cardiovascular Division, Division of Cardiothoracic Surgery, Washington University School of Medicine, St. Louis, MO, United States; Corr P.B., Cardiovascular Division, Division of Cardiothoracic Surgery, Washington University School of Medicine, St. Louis, MO, United States; Cox J.L., Cardiovascular Division, Division of Cardiothoracic Surgery, Washington University School of Medicine, St. Louis, MO, United States; Witkowski F.X., Cardiovascular Division, Division of Cardiothoracic Surgery, Washington University School of Medicine, St. Louis, MO, United States; Cain M.E., Cardiovascular Division, Division of Cardiothoracic Surgery, Washington University School of Medicine, St. Louis, MO, United States","Sixteen patients with the Wolff-Parkinson-White syndrome underwent simultaneous intraoperative computer mapping from multiple sites before surgical division of the accessory pathways. A 16-bipolar electrode band was positioned around the atrioventricular groove. Ventricular epicardial electrograms from single beats were recorded simultaneously during atrial pacing, resulting in maximal preexcitation, and atrial electrograms were recorded during orthodromic supraventricular tachycardia. Four-level transmural plunge needle electrodes were used concomitantly in 3 patients. Electrograms were processed separately using a guarded signal conditioner that isolates, amplifies, filters and analog-to-digitally converts synchronously at 2 kHz with 12-bit accuracy. Digital data were transmitted by fiber optics to a high-density digital recorder and processed with a computer having rapid interactive graphics. Results in the 16 patients revealed 20 distinct Kent bundles. Two patients had only nosustained supraventricular tachycardia induced intraoperatively and 1 patient manifested intermittent anterograge ventricular preexcitation. Multiple pathways were identified in 4 patients. This simultaneous multiple electrode mapping procedure facilitates intraoperative mapping by requiring only a single beat for analysis of anterograde and retrograde activation times, decreases cardiac manipulation during mapping and obviates the need for cardiopulmonary bypass, and permits analysis of transmural activation patterns. This approach decreases markedly the time required for mapping and permits accurate study of nonsustained arrhythmias as well as rapid identification of multiple accessory pathways. © 1985.",,"Adolescent; Adult; Child; Child, Preschool; Computers; Electrocardiography; Female; Heart Conduction System; Humans; Intraoperative Period; Male; Middle Aged; Wolff-Parkinson-White Syndrome; adult; body mapping; clinical article; computer; computer analysis; diagnosis; electrography; heart; heart accessory conduction pathway; heart atrium pacing; human; priority journal; supraventricular tachycardia; wolff parkinson white syndrome",,,,00029149,,AJCDA,4050690,English,Am. J. Cardiol.,Article,Final,,Scopus,2-s2.0-0022407191
Klein H.O.; Kaplinsky E.,"Klein, Herman O. (24321251300); Kaplinsky, Elieser (7006066060)",24321251300; 7006066060,Verapamil and digoxin: Their respective effects on atrial fibrillation and their interaction,1982,The American Journal of Cardiology,50,4,,894,902,50,10.1016/0002-9149(82)91251-6,https://www.scopus.com/inward/record.uri?eid=2-s2.0-0019987770&doi=10.1016%2F0002-9149%2882%2991251-6&partnerID=40&md5=df4e96fe1ded4c9433377cacadb5ac7f,"Department of Cardiology, Meir General Hospital, Sapir Medical Center, Kfar-Saba, Israel; Sackler School of Medicine, the Tel-Aviv University, Israel","Klein H.O., Department of Cardiology, Meir General Hospital, Sapir Medical Center, Kfar-Saba, Israel, Sackler School of Medicine, the Tel-Aviv University, Israel; Kaplinsky E., Department of Cardiology, Meir General Hospital, Sapir Medical Center, Kfar-Saba, Israel, Sackler School of Medicine, the Tel-Aviv University, Israel","Although digitalis has long been used in the management of patients with atrial fibrillation (AF), it does not block the excessive increase in ventricular rate which occurs in such patients during mild exercise; in contrast, this inappropriate response is effectively blocked by verapamil. During regular sinus rhythm, the atrioventricular (A-V) node works well as a delaying structure (the P-R interval), and the ventricular rate is a function of the sinus rate only; however, in AF, the A-V node has to adopt the role of a filter for numerous wave fronts of activity, a function it fulfills poorly, especially during the enhanced sympathetic responses and decreased vagal tone that accompany exercise. In patients with AF, during exercise, these autonomic alterations override the vagal effects of digitalis on the A-V node, but verapamil remains effective by virtue of its direct action on the slow channel ionic fluxes within the A-V nodal cells. The beneficial effect of verapamil on ventricular rate is accompanied by a significant improvement in maximal exercise capacity in patients with AF receiving long-term oral verapamil therapy; thus, it appears superior to digoxin in the treatment of chronic AF. Verapamil significantly increases serum digoxin concentration by reducing renal and nonrenal digoxin clearance and, possibly, by reducing its volume of distribution. Serum digoxin concentrations also are increased by nifedipine. The clinical implications of these interactions are unclear; at present it is recommended that the dose of digoxin be reduced when therapy with a calcium antagonist is given concomitantly. © 1982.",,"Action Potentials; Administration, Oral; Atrial Fibrillation; Atrioventricular Node; Autonomic Nervous System; Digitalis Glycosides; Digoxin; Drug Interactions; Exercise Test; Heart Failure, Congestive; Support, Non-U.S. Gov't; Verapamil; Wolff-Parkinson-White Syndrome; digoxin; nifedipine; verapamil; adverse drug reaction; atrioventricular conduction; digoxin blood level; drug blood level; drug interaction; exercise; heart; heart atrium fibrillation; pharmacokinetics; review",,,,00029149,,AJCDA,6751065,English,Am. J. Cardiol.,Article,Final,,Scopus,2-s2.0-0019987770
Perosio A.M.A.; Silva M.A.C.; Ricci G.J.,"Perosio, Albino Marco Aurelio (7003288916); Silva, Manuel Alberto Cuesta (57213773008); Ricci, Guillermo Jorge (7202268007)",7003288916; 57213773008; 7202268007,The first heart sound: Its relation with the apex cardiogram,1973,The American Journal of Cardiology,32,3,,283,286,2,10.1016/S0002-9149(73)80134-1,https://www.scopus.com/inward/record.uri?eid=2-s2.0-0015804815&doi=10.1016%2FS0002-9149%2873%2980134-1&partnerID=40&md5=c7ff4b85bb6abfa66d8eeb254b36bf56,"Departmento de Cardiologia, Hospital de Clinicas José de San Martin, Universidad Nacional de Buenos Aires, Buenos Aires, Argentina","Perosio A.M.A., Departmento de Cardiologia, Hospital de Clinicas José de San Martin, Universidad Nacional de Buenos Aires, Buenos Aires, Argentina; Silva M.A.C., Departmento de Cardiologia, Hospital de Clinicas José de San Martin, Universidad Nacional de Buenos Aires, Buenos Aires, Argentina; Ricci G.J., Departmento de Cardiologia, Hospital de Clinicas José de San Martin, Universidad Nacional de Buenos Aires, Buenos Aires, Argentina","The relation between the first loud component of the first heart sound and the notches described in the upstroke of the apex cardiogram was analyzed in a series of 916 patients with various types of cardiopathy. The apex cardiogram was registered simultaneously with its first time derivative, the apical phonocardiogram (filtered with three different band-pass filters) and the pulmonary area phonocardiogram. The interval between the Q wave and the first heart sound (Q-SI) was measured independently of the interval between the Q wave and the first notch of the apex cardiogram (Q-IN) or its derivative. The first loud component of the first sound coincided with the first notch of the apex cardiogram in all cases except those of mitral stenosis. In mitral stenosis (162 cases) the Q-SI interval was 73 ± 15 msec and the Q-IN interval 45 ± 13 msec (P < 0.001); the difference was statistically significant. We conclude that in mitral stenosis the first loud component of the first sound may be diminished or abolished giving the false impression of a delayed first sound; we suggest that the term ""apparently delayed first sound"" be used in this circumstance. © 1973 Dun · Donnelley Publishing Corporation 666 Fifth Avenue, New York, New York 10019 All rights reserved.",,Heart; Heart Auscultation; Heart Diseases; Human; Kinetocardiography; Mitral Valve Stenosis; Phonocardiography; aorta stenosis; aorta valve regurgitation; artificial heart pacemaker; diagnosis; etiology; first heart sound; heart apex; heart atrium septum defect; heart bundle branch block; heart ventricle septum defect; major clinical study; mechanocardiography; mitral valve regurgitation; mitral valve stenosis; patent ductus arteriosus; phonocardiography; pulmonary valve; wolff parkinson white syndrome,,,,00029149,,AJCDA,4725582,English,Am. J. Cardiol.,Article,Final,,Scopus,2-s2.0-0015804815
Yair E.; Gath I.,"Yair, Eyal (6602692277); Gath, Isak (56259829900)",6602692277; 56259829900,On the Use of Pitch Power Spectrum in the Evaluation of Vocal Tremor,1988,Proceedings of the IEEE,76,9,,1166,1175,13,10.1109/5.9662,https://www.scopus.com/inward/record.uri?eid=2-s2.0-0024076504&doi=10.1109%2F5.9662&partnerID=40&md5=c0d7e24693d165bf45545d743799379a,"Department of Electrical Engineering, Technion-lsrael Institute of Technology, Technion City, 32000 Haifa, Israel; Department of Biomedical Engineering, Technion-lsrael Institute of Technology, Technion City, 32000 Haifa, Israel","Yair E., Department of Electrical Engineering, Technion-lsrael Institute of Technology, Technion City, 32000 Haifa, Israel; Gath I., Department of Biomedical Engineering, Technion-lsrael Institute of Technology, Technion City, 32000 Haifa, Israel",[No abstract available],,Biomedical Engineering--Neurology; Mathematical Techniques--Interpolation; Mathematical Transformations--Fourier Transforms; Signal Filtering and Prediction; controlled study; human; methodology; multiple sclerosis; normal human; parkinson disease; pitch; power spectrum; tremor; vocal cord; Cubic Lagrange Interpolation; Parkinsonian Tremor; Pitch Power Spectrum; Speech Excitation Process; Vocal Tremor Evaluation; Speech,,,,00189219,,,,English,Proc. IEEE,Article,Final,,Scopus,2-s2.0-0024076504
